<?xml version="1.0" encoding="ISO-8859-1"?>
<class>
	<course>
		<name>C Programming</name>
		<semester>Fall 2011</semester>		
	</course>
	<student>
		<name>Z</name>
		<family>Zz</family>
		<grade>11.1</grade>
		<number>9876</number>
	</student>
	
	<student>
		<name>X</name>
		<family>Xx</family>
		<grade>19.0</grade>
		<number>8765</number>
	</student>
	
	<student>
		<name>Y</name>
		<family>Yy</family>
		<grade>4.25</grade>
		<number>7654</number>
	</student>
	
</class>
