<?xml version="1.0" encoding="ISO-8859-1"?>
<class>
	<course>
		<name>Network Management</name>
		<semester>Spring 2012</semester>		
	</course>
	<student>
		<name>A</name>
		<family>Aa</family>
		<grade>18.1</grade>
		<number>1234</number>
	</student>
	
	<student>
		<name>B</name>
		<family>Bb</family>
		<grade>12.0</grade>
		<number>3456</number>
	</student>
	
	<student>
		<name>C</name>
		<family>Cc</family>
		<grade>5.25</grade>
		<number>2345</number>
	</student>
	
	<student>
		<name>D</name>
		<family>Dd</family>
		<grade>9.25</grade>
		<number>3456</number>
	</student>
	
</class>
